[
    {
        "id": 1,
        "name": "якета"
    },
    {
        "id": 2,
        "name": "ризи"
    },
    {
        "id": 3,
        "name": "панталони"
    },
    {
        "id": 4,
        "name": "сака"
    },
    {
        "id": 5,
        "name": "дънки" 
    },
    {
        "id": 6,
        "name": "пуловери"
    },
    {
        "id": 7,
        "name": "фланелки"
    },
    {
        "id": 8,
        "name": "костюми"
    },
    {
        "id": 9,
        "name": "суитшърти"
    }
]